#,access,id,num_images,title,url,download_method,license,region,year,contact_or_notes
1,OPEN,arxiv-2511.04948-code,50000,COde benchmark multimodal oro-dental dataset for large vision-language models,https://arxiv.org/abs/2511.04948,manual visit,CC BY-NC-ND 4.0,China,2025,8775 checkups 4800 patients 2018-2025; also 8056 radiographs excluded from usable subset; usable_subset 50000 intraoral RGB images
2,OPEN,kaggle-salmansajid05-oral-diseases,12653,Kaggle Oral Diseases dataset (6-class incl. gingivitis/calculus/tartar),https://www.kaggle.com/datasets/salmansajid05/oral-diseases,Kaggle (browser or CLI),kaggle_terms,unknown,2024,Needs modality triage — mixed with X-ray possible. Use photo subset only.
3,OPEN,mendeley-6zsnhrds9t-noncarious-teeth,9562,"Teeth or Dental image dataset (noncarious teeth, children 1-14y)",https://data.mendeley.com/datasets/6zsnhrds9t/1,Mendeley (browser direct),CC BY 4.0,India,2023,"Pediatric intraoral, explicitly non-carious. Re-label candidate for MIH/hypoplasia/fluorosis."
4,OPEN,mendeley-6zsnhrds9t,9562,"Teeth or Dental image dataset (pediatric, 1-14 y/o)",https://data.mendeley.com/datasets/6zsnhrds9t,Mendeley (browser direct),CC BY 4.0,unknown,2024,"Explicit per-view folders: maxillary/mandibular x front/right/left/occlusal, across 8 subcategories."
5,OPEN,dryad-tcm-tongue-1c59zw48r,6719,TCM-Tongue: Standardized Tongue Image Dataset with Pathological Annotations,https://datadryad.org/dataset/doi:10.5061/dryad.1c59zw48r,Dryad (browser direct),CC BY 4.0 (per arXiv; verify Dryad CC0 default),China,2026,Tongue-only; overlap with geographic/fissured tongue classes via cracked/tooth-marked labels.
6,OPEN,roboflow-dental-anomaly-6557,6557,Dental Anomaly Detection Dataset (abrasion/attrition/caries 10-class),https://universe.roboflow.com/search?q=class:abrasion+-+filling,Roboflow (browser or API),unknown_roboflow_public,unknown,2024,Roboflow dental anomaly project 6557 images includes non-carious classes; slug needs manual verification (WebFetch 403).
7,OPEN,zenodo-14827784,6313,Annotated intraoral image dataset for dental caries detection,https://zenodo.org/records/14827784,Zenodo (browser direct),CC BY-NC-ND 4.0,"Pakistan (Mithi, Sindh)",2025,"5 standard views, W/R and W/O-R subfolders. Primary flagship caries intraoral dataset. Mixed + permanent dentitions. Pilot 505 (no retractor) + main 5808 images. Benchmarked YOLOv5s/v8s/v11, SSD-Mobil"
8,OPEN,roboflow-abdul-aziz-caries-tartar-missing-6160,6160,Instance segmentation of Caries/Tartar/Missing (Abdul Aziz) — Roboflow,https://universe.roboflow.com/search?q=class%3Atartar,Roboflow (browser or API),CC BY 4.0,,2024,Slug not fully resolved (503). Tartar subset relevant for perio.
9,OPEN,roboflow-bitcamp-dental-j1vge,5989,dental (bitcamp/dental-j1vge) object detection,https://universe.roboflow.com/bitcamp/dental-j1vge,Roboflow (browser or API),CC BY 4.0,unknown,2024,modality_mixed:true pending direct verification
10,OPEN,roboflow-intra-oral-scanner-vgggs-r4xwu,5758,Intra-Oral Scanner classification (intraoral-scanner-vgggs/intra-oral-scanner-r4xwu),https://universe.roboflow.com/intraoral-scanner-vgggs/intra-oral-scanner-r4xwu,Roboflow (browser or API),CC BY 4.0,unknown,2025,Modality inferred from project name; class list unverified (WebFetch 403). Low val acc suggests noisy labels.
11,OPEN,segmentanytooth-ump-5000,5000,SegmentAnyTooth Vietnamese intraoral photograph dataset 5 views,https://www.sciencedirect.com/science/article/pii/S1991790225000030,manual visit,open-source framework code plus weights,Vietnam,2025,Dental Public Health Faculty Odonto-Stomatology HCMC University of Medicine and Pharmacy; 953 subjects 32.8%M 67.2%F; 2017-2022; smartphone plus DSLR flash/no-flash; YOLO11 plus HQ-SAM active learning
12,OPEN,github-omni-2025,4166,OMNI: Oral and Maxillofacial Natural Images Dataset for Malocclusion Assessment,https://github.com/RoundFaceJ/OMNI,GitHub (clone or releases),not_specified,"China (Soochow University, Changzhou)",2025,"5 standard views incl. frontal/lateral/occlusal. Includes brackets, aligners, ortho appliances, malocclusion traits. Mean age 10.4 -> strong pediatric+ortho overlap. COCO bboxes."
13,OPEN,roboflow-tesisdientes-oral-diseases-4162,4162,oral-diseases (tesisdientes),https://universe.roboflow.com/tesisdientes/oral-diseases-5ctay-rqpxs,Roboflow (browser or API),CC BY 4.0,,2024,Distinct from excluded roboflow-oral-lesion2; class taxonomy needs iter-3 verification
14,OPEN,roboflow-dental-plaque-sorbonne-teeth-detection-xdkru-3405,3405,"Dental Plaque Sorbonne — Teeth Detection (C1-C3 calculus, G1 gingivitis, PDI1-3 plaque)",https://universe.roboflow.com/dental-plaque-sorbonne/teeth-detection-xdkru,Roboflow (browser or API),CC BY 4.0,France (Sorbonne),2023,10 classes incl 3-level calculus + 3-level plaque; verify modality on download.
15,OPEN,oral-mamba-liu-2024,3365,"Oral-Mamba segmentation dataset (Liu et al., BMC Oral Health 2024)",https://doi.org/10.1186/s12903-024-05072-1,manual visit,CC BY-NC-ND 4.0,China,2024,Largest perio-relevant segmentation corpus found. Google Drive link in paper.
16,OPEN,gdrive-nanjing-oral-endoscopy-3365-mirror,3365,"Oral-Mamba Nanjing GDrive mirror (3365 imgs, calculus/gingivitis/caries)",https://drive.google.com/drive/folders/1vo_qv3EF9eG4Q2dPvtb_rXb4ttBkYJq_,Google Drive (browser),unspecified,China (Nanjing),2024,Same physical set as oral-mamba-liu-2024 (excluded); distinct access URL — flag dedupe
17,OPEN,datasetninja-dentalai-2495,2495,DentalAI - intraoral photograph dataset for instance segmentation of caries cavity crack,https://datasetninja.com/dentalai,manual visit,CC BY 4.0,unknown_mixed,2023,28904 labeled objects; train/val/test 1991/254/250; 1018 MB Supervisely format; CC BY 4.0; author-region attribution unclear - Flag for region verification; usable only if non-western origin confirmed
18,OPEN,figshare-smartom-31341790,2469,SMART-OM: Smartphone-based Expert Annotated Dataset of Oral Mucosa images,https://doi.org/10.6084/m9.figshare.31341790.v1,manual visit,CC BY 4.0,India (Ragas Dental College / multi-site),2026,"331 subjects, Android + iOS cameras, real-world clinical lighting; Scientific Data 2026"
19,OPEN,mendeley-9jnf2jvghy,2000,Caries-Spectra: A dataset of Enamel Caries,https://data.mendeley.com/datasets/9jnf2jvghy/2,Mendeley (browser direct),CC BY 4.0,Bangladesh,2024,2000 low-res 224x224 JPG intraoral images: 800 advanced + 800 early-stage + 400 no caries. Classification only (no bbox/mask). Collected by American International University Bangladesh + Bangladesh Un
20,OPEN,mendeley-phtw6rmwzd-enamel-caries,2000,Explainable Deep Learning Framework for Automated Classification of Enamel Caries (dataset + code),https://data.mendeley.com/datasets/phtw6rmwzd/1,Mendeley (browser direct),CC BY 4.0,"Saudi Arabia (King Faisal University, Faris Asiri)",2025,"2000 intraoral photos 224x224 JPG, 3 class folders, includes EnamelCaries_Experiment-II.py code. Low-res but bona-fide intraoral clinical photos. Published Nov 2025."
21,OPEN,figshare-siop-29761292,1350,SIOP dataset: Standardized Periodontal Intraoral Photographic-series,https://figshare.com/articles/dataset/SIOP_dataset/29761292,Figshare (browser direct),CC BY 4.0,China (Shanghai Stomatological Hospital),2025,150 SPIP series × 9 dentists = 1350 photos; strict 5-view protocol; quality-graded on 5 dimensions
22,OPEN,alphadent-2025,1320,AlphaDent instance-segmentation intraoral dataset,https://arxiv.org/abs/2507.22512,manual visit,Apache-2.0,Russia,2025,295 patients DSLR. Commercial-friendly license — rare for perio. Verify which classes are calculus/gingivitis.
23,OPEN,alphadent-zftu-v1.1,1320,AlphaDent: A dataset for automated tooth pathology detection,https://github.com/ZFTurbo/AlphaDent,GitHub (clone or releases),Apache-2.0,Russia,2025,DSLR intraoral macro (Canon 6D mk II + 100mm macro + intraoral mirror). Includes wear facets labels — directly in non-carious zone.
24,OPEN,zenodo-10580117-teledentistry-peru,1305,"Smartphone teledentistry caries detection dataset (Lima, Peru)",https://zenodo.org/doi/10.5281/zenodo.10580117,Zenodo (browser direct),CC BY 4.0,Peru (EsSALUD Lima),2024,87 patients × 15 intraoral photos (3 per view × 5 views) captured by family members using Xiaomi Redmi 9A + handheld mirror — rare selfie/mirror protocol. First LATAM dataset in the corpus.
25,OPEN,arxiv-2507.22512-alphadent,1200,AlphaDent: A dataset for automated tooth pathology detection,https://arxiv.org/abs/2507.22512,manual visit,CC BY-SA 4.0,Russia,2025,"1200+ DSLR photos (Canon 6D mark II + 100mm macro + intraoral mirror) from 295 patients, Jan 2024-Jan 2025. Instance segmentation. Caries is one of 9 classes, annotated with WHO 6-class caries scheme."
26,OPEN,scidb-tongue-inquiry-8417299d,1194,Tongue Image Dataset with Inquiry Data,https://www.scidb.cn/en/detail?dataSetId=8417299de5ef4f3db5ec62e01a969d54,manual visit,"CC BY 4.0 (SciDB default, verify)",China,2023,First TCM tongue+inquiry combo; landing 503 at fetch.
27,OPEN,roboflow-project-group13-dl-caries,1162,Dental Caries Detection using DL (Project Group13),https://universe.roboflow.com/project-group13/dental-caries-detection-using-dl,Roboflow (browser or API),CC BY 4.0,unknown (student project),2024,"1162 tooth-decay images, binary labels. 403 blocked direct page fetch; modality photos per project description; verify on download."
28,OPEN,iter3-perio-rvg-v1301-blacklist-confirm,1100,BLACKLIST: rvg-v1301 is X-RAY,https://github.com/YOLOv8-YOLOv11-Segmentation-Studio/rvg-v1301,GitHub (clone or releases),AGPL-3.0,China,2024,"RVG = radio-visio-graphy X-ray, NOT photo. Log to prevent re-chasing."
29,OPEN,mendeley-3253gj88rr,1096,Gingivitis image-captioning dataset,https://data.mendeley.com/datasets/3253gj88rr,Mendeley (browser direct),CC BY 4.0,unknown,2024,Macro frontal anterior — useful for frontal/macro close-up protocol.
30,OPEN,roboflow-aakash-npfax-dental-remote-areas-calculus-927,927,Dental care in remote areas (calculus) — Roboflow Universe,https://universe.roboflow.com/aakash-npfax/dental-care-in-remote-areas,Roboflow (browser or API),CC BY 4.0,India,2024,Single-class calculus detection; modality inferred intraoral photo; verify via page visit (503 at scan time).
31,OPEN,roboflow-jesse-perring-caries-detection,844,caries detection (Jesse Perring),https://universe.roboflow.com/jesse-perring/caries-detection-pqmf0-io8pp,Roboflow (browser or API),CC BY 4.0,unknown,2024,844 caries images per Roboflow listing; 403 blocked direct fetch; flagged intraoral pending visual verification.
32,OPEN,teethseg-io150k-rgb08k,800,IO150K (RGB0.8K subset only) - Intraoral RGB photos for orthodontic tooth instance segmentation,https://zoubo9034.github.io/TeethSEG/,manual visit,not_specified_research_use,China (CVPR 2024 Zou et al.),2024,Parent IO150K mixes 80K rendered-from-3D + 70K plaster photos + 800 real intraoral RGB. USABLE_SUBSET = RGB0.8K only (real pre-orthodontic intraoral photos). Reject Challenge80K (rendered from STL) an
33,OPEN,roboflow-oral-disease-detection-teeth-disease-m1uob-621,621,"Roboflow teeth-disease-m1uob (621 imgs, calculus/caries/healthy)",https://universe.roboflow.com/oral-disease-detection/teeth-disease-m1uob,Roboflow (browser or API),CC_BY_4.0,,2024,Pre-trained model bundled
34,OPEN,kaggle-maazmakhdoom-dental-cavity,500,Dental Cavity Detection Dataset (maazmakhdoom),https://www.kaggle.com/datasets/maazmakhdoom/dental-cavity-detection-dataset,Kaggle (browser or CLI),unspecified,unknown,2024,Referenced by MDPI Diagnostics 2026 (16/6/862) pediatric aggregation where 80 pediatric photos were extracted. Filter to photo subset on download; verify license.
35,OPEN,github-autooral-2024,420,Autooral: oral ulcer multi-task (segmentation + classification) clinical image dataset,https://github.com/wurenkai/HF-UNet-and-Autooral-dataset,GitHub (clone or releases),CC BY-NC-ND 4.0,China (Nanjing),2024,"80 clinical cases, 24-bit RGB 256x256, labeled by 3 dentists; Google Drive mirror; strongest aphthous/herpes/OSCC clinical photo source"
36,OPEN,mendeley-4mxj6rpv48-facial-profile,400,Facial Profile Soft Tissue Annotations for Orthodontic Diagnosis and Classification,https://data.mendeley.com/datasets/4mxj6rpv48/2,Mendeley (browser direct),CC BY 4.0,unknown,2024,BORDERLINE extraoral profile (not intraoral). Ortho diagnosis context.
37,OPEN,roboflow-dental-mate-crown-detection,362,Roboflow Dental Mate — Crown Detection,https://universe.roboflow.com/dental-mate/crown-detection-mdfa5,Roboflow (browser or API),varies,unknown,2024,Modality mixed — filter to intraoral photos.
38,OPEN,mendeley-mhjyrn35p4,323,Oral Images Dataset (Chandrashekar et al.) - mobile + intraoral camera benign vs malignant,https://data.mendeley.com/datasets/mhjyrn35p4/2,Mendeley (browser direct),CC BY 4.0,India (Karnataka),2021,165 benign + 158 malignant original; augmented folder separate; mobile + intraoral camera
39,OPEN,roboflow-bscs-8th-tooth-cavity-detection,312,tooth cavity detection (bscs 8th semester),https://universe.roboflow.com/bscs-8th-semester/tooth-cavity-detection,Roboflow (browser or API),CC BY 4.0,Pakistan (student team),2023,312 images with cavity bounding boxes; published ~2 years ago. Verified via WebSearch only; Roboflow page still returns 503/403.
40,OPEN,dryad-modid-multispectral-nvx0k6dxw,243,MODID Multispectral Oral Disease (Dryad mirror),https://datadryad.org/dataset/doi:10.5061/dryad.nvx0k6dxw,Dryad (browser direct),Dryad_default,,2024,"Dryad deposition separate from Zenodo mirror; 91 participants, 16 bands 460-600nm"
41,OPEN,mendeley-ndb-ufes-bbmmm4wgr8-reference-only,237,NDB-UFES Brazil oral cancer leukoplakia histopathology (LATAM reference only; excluded by histology modality),https://data.mendeley.com/datasets/bbmmm4wgr8/4,Mendeley (browser direct),CC BY 4.0,Brazil,2023,EXCLUDED BY MODALITY BLACKLIST (histology) - logged for LATAM coverage transparency only; UFES Brazil Federal University of Espirito Santo Oral Diagnosis project NDB 2010-2021; 89+57+91 images; 2048x1
42,OPEN,roboflow-orthodontic-noybl,218,Orthodontic Object Detection Dataset (Roboflow Universe),https://universe.roboflow.com/orthodontic/orthodontic-noybl,Roboflow (browser or API),roboflow_public_default,unknown,2024,Small (~218 imgs); needs manual verification that images are intraoral photos (not x-ray). Listed for completeness; low priority vs larger datasets.
43,OPEN,roboflow-gingivitis-t98xc,204,Roboflow digital-health-bg/gingivitis-t98xc (detection),https://universe.roboflow.com/digital-health-bg/gingivitis-t98xc,Roboflow (browser or API),varies,unknown,2024,Small community det set.
44,OPEN,roboflow-gingivitis-fdams,162,Roboflow gingivitis-dataset-fdams (segmentation),https://universe.roboflow.com/image-segmentation-ltmbq/gingivitis-dataset-fdams,Roboflow (browser or API),varies,unknown,2024,Small community seg set.
45,OPEN,mpox-skin-lesion-v2-hfmd-subset,161,Mpox Skin Lesion Dataset v2.0 - HFMD subset,https://github.com/mHealthBuet/Mpox-Skin-Lesion-Dataset-v2,GitHub (clone or releases),CC BY-NC-SA 4.0,Bangladesh + global web,2024,usable_subset = oral/perioral HFMD vesicles only. NC license.
46,OPEN,dfid-mltrmr-guizhou-131,131,"DFID: First open-source Dental Fluorosis Image Dataset (Guizhou, MLTrMR)",https://github.com/uxhao-o/MLTrMR,GitHub (clone or releases),repo_code_license_unspecified_dataset,China_Guizhou_endemic_coal_fluorosis,2024,26/49/36/20 balance; 560x448->512x512 optical camera; 7:3 split; endemic coal-burning belt.
47,OPEN,kaggle-zaidpy-oral-cancer-dataset,131,"Oral Cancer Dataset (Kaggle, zaidpy)",https://www.kaggle.com/datasets/zaidpy/oral-cancer-dataset,Kaggle (browser or CLI),unspecified_kaggle,,2023,"Clinical photos (NOT histology), 256x256 jpg"
48,OPEN,roboflow-yolov8-training-tooth-caries-3,89,Tooth Caries 3 (YOLO v8 training),https://universe.roboflow.com/yolo-v8-training/tooth-caries-3,Roboflow (browser or API),CC BY 4.0,unknown,2024,"Small (89 images, meets min>=50). Published June 2024. Useful as augmentation."
49,OPEN,roboflow-tooth-ytblb-dental-plaque-v6,70,Roboflow tooth-ytblb dental-plaque v6,https://universe.roboflow.com/tooth-ytblb/dental-plaque/dataset/6,Roboflow (browser or API),CC_BY_4.0,,2023,Auxiliary plaque masks
50,OPEN,aap-oral-health-image-gallery-pediatric,50,AAP Oral Health Image Gallery,https://www.aap.org/en/patient-care/oral-health/oral-health-image-gallery/,manual visit,AAP_educational_noncommercial_attribution,USA,2024,~50 imgs estimate. Non-commercial-only.
51,OPEN,roboflow-oral-lesion2,39,Oral lesion2 object detection dataset (benign / precancerous),https://universe.roboflow.com/kunchidsong-phosri/oral-lesion2,Roboflow (browser or API),Roboflow Public (CC BY 4.0 typical),Thailand,2024,Small dataset (<50 img target); useful as supplemental for detection; flagged for iteration 2 verification
52,OPEN,github-pknu-calculus,,PKNU-PR-ML-Lab calculus detection repo,https://github.com/PKNU-PR-ML-Lab/calculus,GitHub (clone or releases),MIT,South Korea,2023,Pusan Nat'l U lab repo.
53,OPEN,figshare-19641750-fluorosis-raw,,Raw data for dental fluorosis,https://figshare.com/articles/dataset/Raw_data_for_dental_fluorosis/19641750,Figshare (browser direct),CC BY 4.0 (verify),unknown,2022,Fetch returned 503. Content type unconfirmed. Re-verify iter 2.
54,OPEN,zenodo-14622450-athletes-caries-erosion,,"Dental caries, tooth erosion and nutritional habits in a cohort of athletes",https://zenodo.org/records/14622450,Zenodo (browser direct),CC BY 4.0,Europe,2025,Tabular only; no photos. usable_subset=none for image pipeline.
55,OPEN,nature-s41597-024-04099-x-multispectral,,In-vivo non-contact multispectral oral disease image dataset with segmentation,https://www.nature.com/articles/s41597-024-04099-x,manual visit,CC BY 4.0,India,2024,"91 participants (15 healthy + 76 diseased); Dryad-hosted; multispectral but in-vivo clinical, NOT histology. Useful for leukoplakia/OSMF/OSCC."
56,OPEN,roboflow-havij-caries-tsrca,,Roboflow Universe CaRies Instance Segmentation (Havij),https://universe.roboflow.com/havij/caries-tsrca-guzap,Roboflow (browser or API),varies,unknown,2024,Modality mixed — intraoral subset must be filtered. Good for pre-training after triage.
57,OPEN,roboflow-ai-dentistry-yang-dental,,AI in Dentistry — Yang Dental intraoral cam instance segmentation,https://universe.roboflow.com/ai-in-dentistry/ai-in-dentistry-images-using-intraoral-cam-at-yang-dental,Roboflow (browser or API),varies,unknown,2024,Intraoral wand camera. Good for in-situ restoration ctx.
58,OPEN,roboflow-restoration-filling-aggregate,,Roboflow Universe aggregate — class:filling + class:restoration + class:veneer + class:implant_crown index,https://universe.roboflow.com/search?q=class%3Afilling+intraoral,Roboflow (browser or API),varies_per_project,multi,2025,Aggregator placeholder — iter_2 must WebFetch per-project to separate intraoral-photo subsets from X-ray ones.
59,OPEN,dib-bangladesh-6class,,A comprehensive dental dataset of six classes for deep learning based object detection study,https://www.sciencedirect.com/science/article/pii/S2352340924009326,manual visit,CC BY 4.0,Bangladesh,2024,Multi-source Bangladesh Prescription Point LabAid IbnSina; 232 patients; N_images to confirm; usable_subset intraoral photos
60,OPEN,nature-sd-osmf-oscc-2024,,High-resolution AI image dataset for diagnosing oral submucous fibrosis and squamous cell carcinoma,https://www.nature.com/articles/s41597-024-03836-6,manual visit,CC BY 4.0,India,2024,ORCHID-related Indian OSMF/OSCC intraoral image dataset high-resolution; exact count to confirm
61,OPEN,roboflow-jb-okcsk-kaggle-dental-caries,,kaggle dental caries (jb-okcsk),https://universe.roboflow.com/jb-okcsk/kaggle-dental-caries,Roboflow (browser or API),CC BY 4.0,unknown (re-upload of Kaggle data),2024,Jan 2024 re-labelled Kaggle caries dataset. modality_mixed=true since Kaggle source may include X-ray samples. Image count not surfaced.
62,OPEN,github-priyanshu9898-oral-disease-6class,,"Priyanshu9898/Oral-Disease-Classification (6-class, MIT)",https://github.com/Priyanshu9898/Oral-Disease-Classification,GitHub (clone or releases),MIT,,2024,GDrive file 13NFWEqtL_3Vxsr02ehXoYTapp63dMIDM; perio classes = calculus+gingivitis
63,OPEN,figshare-code-oral-mucosa-30550889,,CODE - Comprehensive Oral Mucosa Database with Explanations,https://figshare.com/articles/dataset/_b_CODE_-_b_i_Comprehensive_Oral_mucosa_Database_with_Explanations_i_/30550889,Figshare (browser direct),CC BY 4.0,India (ICMR Ragas Chennai),2025,"110 participants, mobile-phone intraoral; lichen planus+lichenoid explicit"
64,OPEN,huggingface-lines-open-domain-oral-disease-qa,,Open-Domain Oral Disease QA Dataset,https://huggingface.co/datasets/Lines/Open-Domain-Oral-Disease-QA-Dataset,HuggingFace (browser direct),HF_default,,2024,VLM-style; usable_subset=images
65,OPEN,kaggle-bavithravairam-mouth-ulcer,,mouth_ulcer (bavithravairam),https://www.kaggle.com/datasets/bavithravairam/mouth-ulcer,Kaggle (browser or CLI),kaggle_default,,,LOW-CONFIDENCE metadata
66,OPEN,kaggle-bavithravairam-oral-ulcer,,oral_ulcer (bavithravairam),https://www.kaggle.com/datasets/bavithravairam/oral-ulcer,Kaggle (browser or CLI),kaggle_default,,,
67,OPEN,kaggle-shlokmohanty-ulcer-classification,,Ulcer classification (shlokmohanty),https://www.kaggle.com/datasets/shlokmohanty/ulcer-classification,Kaggle (browser or CLI),kaggle_default,,,RISK: may mix oral+skin ulcers
68,OPEN,kaggle-santhoshsivang-calculus-dataset,,calculus_dataset (santhoshsivang),https://www.kaggle.com/datasets/santhoshsivang/calculus-dataset,Kaggle (browser or CLI),unknown,India (likely),2025,Uploaded Jan 2025; modality/license need verification post-download.
69,OPEN,frontiers-dde-mih-fluorosis-scoping-2025-1616109,,DDE scoping review photo atlas (MIH+fluorosis+hypoplasia),https://www.frontiersin.org/journals/oral-health/articles/10.3389/froh.2025.1616109/full,manual visit,CC_BY_4.0,multi_country_review,2025,Small CC-BY exemplar photo atlas across DDE continuum.
70,OPEN,frontiers-ai-witkop-ngs-1130175,,Witkop AI clinical photo series O-Rares (NGS+clinical),https://www.frontiersin.org/journals/physiology/articles/10.3389/fphys.2023.1130175/full,manual visit,CC_BY_4.0,France_O-Rares_reference_centre,2023,French reference centre open-access photos of all 4 Witkop types.
71,OPEN,mdpi-genes-16-822-2025,,AI imaging+genomics Slovenia WES-24,https://www.mdpi.com/2073-4425/16/7/822,manual visit,CC_BY_4.0,Slovenia,2025,24 families; photo-only subset usable.
72,OPEN,osf-tgm5n-dental-ai-resources-list,,OSF Datasets for AI Dental Imaging — Resources list,https://osf.io/tgm5n/,manual visit,CC BY 4.0,"international (Uribe et al., Sage JDR 2024)",2024,Meta-resource; companion OSF a5pfe+mf897. Mine for un-logged photo entries in iter-4.
73,OPEN,kaggle-muhammadatef-oral-cancer-images-classification,,"Oral Cancer Images for Classification (Kaggle, muhammadatef)",https://www.kaggle.com/datasets/muhammadatef/oral-cancer-images-for-classification,Kaggle (browser or CLI),unspecified_kaggle,,,WebFetch 503; possibly histology via ashenafifasilkebede link. Manual verify.
74,OPEN,roboflow-dental-qlzfr-dental-problems,,Dental Problems Object Detection (12 classes incl. Periapical Abscess),https://universe.roboflow.com/dental-qlzfr/dental-problems,Roboflow (browser or API),unknown,,2023,Class pattern strongly suggests panoramic/periapical X-ray — needs manual verification; probable BLACKLIST if radiograph-only.
75,REQUEST,memosa-dataset-2026,30039,"MeMoSA: multi-country collection of over 30,000 oral mucosa images with clinically labelled lesions",https://www.nature.com/articles/s41597-026-06998-7,email/DUA contact,unspecified (per-workbench access),5 countries (multi-country),2026,LARGEST soft-tissue photo dataset found. Mobile device cameras. Biopsy verification where applicable. Workbench-gated access
76,REQUEST,memosa-multi-country-oral,30039,MeMoSA mobile oral mucosa screening archive,https://www.memosa.org/,email/DUA contact,credentialed_access,multi-country (5),2024,Largest smartphone intraoral mucosa archive; 5-country collection.
77,REQUEST,oii-ds-benchmark-wang-2023,19074,OII-DS: A benchmark Oral Implant Image Dataset for object detection and image classification evaluation,https://doi.org/10.1016/j.compbiomed.2023.107620,email/DUA contact,restricted_academic,China,2023,Subset-A 3834 CT imgs BLACKLISTED. Subset-B 15240 intraoral implant photos = restorative scope. usable_subset:Subset-B. Needs author request + in-situ-vs-ex-vivo verification.
78,REQUEST,zenodo-14571990,9201,An Annotated Clinical Image Dataset for Deep Learning-Based Classification of Oral Lesions (Cairo University),https://zenodo.org/records/14571990,email/DUA contact,CC BY 4.0 (non-commercial access per request),Egypt (Cairo University),2024,Mobile + DSLR; 4405 normal / 2314 low-risk / 2482 high-risk; labelled by oral medicine specialists
79,REQUEST,bdj-cairo-9201,9201,Annotated clinical image dataset for AI classification of malignant and potentially malignant oral lesions,https://www.nature.com/articles/s41415-025-9007-6,email/DUA contact,unspecified article supplementary,Egypt,2025,Oral Medicine Clinic Faculty of Dentistry Cairo University; 4405 normal 2314 low 2482 high; labeled by 2 oral medicine specialists; image dims up to 24M pixels
80,REQUEST,sunyatsen-zengcheng-pediatric-7671-2026,7671,Sun Yat-sen pediatric multi-view intraoral caries screening dataset,https://pmc.ncbi.nlm.nih.gov/articles/PMC12905764/,email/DUA contact,restricted,China (Sun Yat-sen Hospital of Stomatology + Guangzhou CDC),2026,3913 occlusal + 3758 smooth from 524 kids; custom retractor/mirror/LED device; questionnaires linked.
81,REQUEST,peerj-20140-bengbu-occlusion-7200,7200,Bengbu Medical University lateral-view occlusion dataset (7200 intraoral photos),https://peerj.com/articles/20140/,email/DUA contact,CC-BY 4.0 paper; dataset NOT released,China (Bengbu),2025,"5000@45° + 2200@90°, 1920x1280. Dataset institutional, code only."
82,REQUEST,bengbu-7200-occlusion-classification-2025,7200,"Bengbu Medical Univ. 7,200-image intraoral occlusion classification corpus",https://pmc.ncbi.nlm.nih.gov/articles/PMC12478310/,email/DUA contact,restricted,China (First Affiliated Hospital Bengbu Medical U.),2025,7200 photos / 6100 patients Jun22-Jun23; only code released.
83,REQUEST,mdpi-dentistry-malocclusion-5854,5854,Standardized intraoral photographs dataset for multi-class malocclusion detection IOTN,https://www.mdpi.com/2304-6767/14/1/60,email/DUA contact,article CC BY,China,2026,5 standard views labeled with 17 IOTN classes; YOLOv11 benchmark; origin to confirm China authorship noted
84,REQUEST,charite-berlin-5266-angle-lateral-2025,5266,Charité Berlin lateral intraoral photo corpus for Angle classification,https://pmc.ncbi.nlm.nih.gov/articles/PMC12861064/,email/DUA contact,restricted,Germany (Charité Berlin),2025,Largest single-view lateral intraoral orthodontic corpus identified.
85,REQUEST,segmentanytooth-hcmc,5000,"SegmentAnyTooth multi-view intraoral dataset (HCMC UMP, Vietnam)",https://github.com/thangngoc89/SegmentAnyTooth,email/DUA contact,research_only_on_request,Vietnam,2024,1000 subjects x 5 standard views (953 subjects usable). Weights/data on request.
86,REQUEST,nanchang-university-kouqiang-3869-perio-screening-2025-lead,3869,"Nanchang Univ 3,869 intraoral photos perio screening (Zhang 2025 CN)",http://manu45.magtech.com.cn/Jwk_kqyxyj/CN/abstract/abstract2506.shtml,email/DUA contact,unknown,China,2025,578 subjects. OUTREACH lead iter-5.
87,REQUEST,bspc-s1746809425008481-3246-40class-2025,3246,"Multiclass classification of oral mucosal lesions from clinical images (3246 imgs, 1013 patients, 40 categories)",https://www.sciencedirect.com/science/article/pii/S1746809425008481,email/DUA contact,publisher_copyright,unspecified,2025,iter-3 resolution; 1013 patients; BSPC July 2025; gated
88,REQUEST,mih-cnn-springer-2022-3241,3241,Intraoral photograph dataset for AI-based MIH diagnostics (3241 images),https://link.springer.com/article/10.1007/s00784-022-04552-4,email/DUA contact,unknown_paper_only,Germany,2022,3241 intraoral photos (train 2596 / test 649). Contact authors iter 2.
89,REQUEST,bmc-hibogi-cimahi-indonesia-3221-2025,3221,HI Bogi: YOLO-V8x dental caries dataset of Cimahi primary school children (Indonesia),https://doi.org/10.1186/s12903-025-07486-x,email/DUA contact,not_specified,Indonesia,2025,Cimahi; 5 schools + 3 community health centers; 3221 JPG; train 2266/val 635/test 320. First SEA primary-school caries dataset.
90,REQUEST,bmc-shahid-beheshti-3215,3215,Occlusal intraoral photograph dataset for tooth detection and FDI numbering mixed and permanent dentition,https://bmcoralhealth.biomedcentral.com/articles/10.1186/s12903-025-05803-y,email/DUA contact,article CC BY,Iran,2025,Orthodontics Dept Dental School Shahid Beheshti University of Medical Sciences Tehran; professional camera post-cleaning; 5 senior dental students under supervision
91,REQUEST,jocpd-2026-011-pediatric-5view,3100,Pediatric intraoral clinical photograph dataset (5-view classification),https://www.jocpd.com/articles/10.22514/jocpd.2026.011,email/DUA contact,unknown,China,2026,620 pediatric patients × 5 views = 3100 photos with explicit view-type labels; Inception-ResNet-v2 + Faster R-CNN benchmark; dataset itself author-request only
92,REQUEST,zenodo-10664056,3000,A comprehensive dataset of annotated oral cavity images for diagnosis of oral cancer and oral potentially malignant disorders,https://doi.org/10.5281/zenodo.10664056,email/DUA contact,CC BY-NC-ND 4.0,Sri Lanka,2024,Mobile phone photos; patient-wise CSV with smoking/betel/alcohol risk factors; restricted-access (institutional email required). Some sources cite 3246 images from 1013 patients.
93,REQUEST,bmc-tbilisi-humanitarian-2864-georgia-2025,2864,"Intraoral mobile photography for OH screening in children (Tbilisi, Georgia)",https://doi.org/10.1186/s12903-025-06500-6,email/DUA contact,not_specified,Georgia,2025,"Tbilisi Humanitarian Univ; 358 children, 8 standard projections, smartphone. First Georgia/Caucasus dataset."
94,REQUEST,smart-om-smartphone-oral,2469,SMART-OM smartphone oral imaging dataset,https://github.com/search?q=SMART-OM+smartphone+oral,email/DUA contact,research_only,multi,2024,"Smartphone iOS+Android capture, 331 subjects — camera-protocol axis."
95,REQUEST,bmc-mixed-dentition-intraoral-2025-06866,2467,Mixed dentition 5-view multi-class (MIH+fluorosis+hypoplasia+caries),https://link.springer.com/article/10.1186/s12903-025-06866-7,email/DUA contact,CC_BY_4.0,China,2025,5-view protocol with MIH/fluorosis/hypoplasia as explicit classes.
96,REQUEST,claseg-2072-scirep-2025-s41598-025-03268-1,2072,"CLASEG: advanced multiclassification and segmentation for differential diagnosis of oral lesions (2072 clinical images, 16 classes)",https://www.nature.com/articles/s41598-025-03268-1,email/DUA contact,CC BY 4.0,unspecified,2025,"iter-3 resolution: 2072 intraoral photos, 16 classes; gated supplementary; distinct from excluded claseg-oral-lesions-2025-contact-note"
97,REQUEST,osaka-prosthesis-1904-takahashi-2021,1904,"Osaka University 1904-image prosthesis classification dataset (Takahashi et al., Sci Rep 2021)",https://www.nature.com/articles/s41598-021-81202-x,email/DUA contact,on_request,Japan,2021,"Not publicly hosted — contact Osaka University Dental Hospital, Dept of Prosthodontics."
98,REQUEST,osaka-prosthodontics-contact-draft-2026,1904,Author-contact draft: Osaka Univ Prosthodontics — Takahashi 2021 1904-img restoration dataset,https://global.dent.osaka-u.ac.jp/,email/DUA contact,not_public,Japan,2021,"Parent osaka-prosthesis-1904-takahashi-2021 excluded in iter-1. Contacts drafted toshi-t@dent.osaka-u.ac.jp, mameno.tomoaki.dent@osaka-u.ac.jp. Trigger outreach iter-3."
99,REQUEST,fdtooth-scidata-2025,1800,FDTooth intraoral + CBCT (Sci Data 2025) — perio subset (gingival recession),https://physionet.org/content/fdtooth/1.0.0/,email/DUA contact,CC BY 4.0,unknown,2025,Usable subset = intraoral photos with recession labels; CBCT part blacklisted.
100,REQUEST,alphadent-kaggle-competition,1320,AlphaDent: Teeth marking (Kaggle Competition),https://www.kaggle.com/competitions/alpha-dent/data,email/DUA contact,open (Kaggle competition terms),Russia,2025,Kaggle mirror of AlphaDent. Train/val split by patient: 273 train / 22 val. Hidden test set for leaderboard. Task = instance segmentation of 9 oral pathology classes on intraoral DSLR photos.
101,REQUEST,human-tooth-crack-nir-2024,1194,Human Tooth Crack NIR Imaging Dataset,https://link.springer.com/article/10.1007/s10439-024-03615-9,email/DUA contact,data_on_request,unknown,2024,593 cracked + 601 non-cracked from NIR videos. Borderline-photo modality. Enamel-crack niche.
102,REQUEST,bmc-s12903-024-04460-x-chronic-gingivitis-683,683,Chronic gingivitis identification via transfer ensemble learning (683 intraoral images),https://doi.org/10.1186/s12903-024-04460-x,email/DUA contact,request_only,China,2024,Li 2024 BMC OH 24:814; 134 volunteers
103,REQUEST,moharrami-ragadio-2024-gingivitis-666-kaggle-lead,666,Ragadio 2024 gingivitis 666 Kaggle (slug unresolved),https://onlinelibrary.wiley.com/doi/full/10.1111/cdoe.70001,email/DUA contact,unknown,Philippines (likely),2024,Cited as Kaggle dataset; exact slug not located iter-3.
104,REQUEST,chau-hku-gingivitis-567-2023,567,Chau HKU/GDUT AI photographic gingivitis detection (567 images),https://doi.org/10.1016/j.identj.2023.03.007,email/DUA contact,request_only,Hong Kong/Guangdong,2023,Originating paper for 567-img set cited in PMC12627268 SR; HKU RGC grant UGC/FDS13/E01/22
105,REQUEST,mdpi-diagnostics-plaque-oleary,531,MDPI Diagnostics plaque/O'Leary 3-stage smartphone set,https://www.mdpi.com/journal/diagnostics,email/DUA contact,on_request,unknown,2024,Smartphone-based plaque scoring.
106,REQUEST,terven-ipn-plaque-531-oleary-2025,531,"Terven IPN Mexico plaque YOLO set (531 RGB, O'Leary, disclosing-gel)",https://www.mdpi.com/2075-4418/15/2/231,email/DUA contact,request_only,Mexico (Guanajuato),2025,"177 individuals, multi-smartphone; distinct from mdpi-diagnostics-plaque-oleary"
107,REQUEST,mdpi-diagnostics-ksu-435,435,Pediatric intraoral photograph dataset for lightweight dental caries screening,https://www.mdpi.com/2075-4418/16/6/862,email/DUA contact,article CC BY,Saudi Arabia,2025,King Saud University Riyadh; pediatric oral photographs; patient-level stratified splitting; ResNet-18 MobileNetV3 EfficientNet-B0 fine-tuned
108,REQUEST,pku-tooth-wear-grading-388,388,Deep learning-based tooth wear severity grading system — 388 intraoral photos,https://www.sciencedirect.com/science/article/pii/S1991790224001594,email/DUA contact,unknown_paper_only,China,2024,In-zone tooth wear grading. F1=0.89. Request-based.
109,REQUEST,fdtooth-physionet-hku-2025,241,FDTooth: Intraoral Photographs and CBCT Images for Fenestration and Dehiscence Detection,https://physionet.org/content/fdtooth/1.0.0/,email/DUA contact,PhysioNet (ODC-BY expected),"Hong Kong (HKU Faculty of Dentistry, 2 centers 2010-2023)",2025,"Photo-subset usable (MODALITY_MIXED=true, reject CBCT half). Explicit bracket-present/absent labels."
110,REQUEST,schwarzmaier-143-ecc-anterior-deciduous-2024,143,143 intraoral photos of anterior deciduous teeth for ECC external validation,https://www.mdpi.com/2077-0383/13/17/5215,email/DUA contact,request_only,Germany,2024,107 ECC + 36 control. High-res 2784x1856 macro-flash. Request corresponding author.
111,REQUEST,github-yunwu2024-dental-fluorosis,,Dental fluorosis image dataset (FusionDentNet),https://github.com/yunwu2024/dental_fluorosis,email/DUA contact,pending,China,2024,Placeholder repo; release pending paper acceptance. Monitor iter 2-3.
112,REQUEST,teethdreamer-5photo-protocol,,TeethDreamer 5-view intraoral + 3D mesh pairs,https://arxiv.org/abs/2407.11419,email/DUA contact,research,unknown,2024,Usable subset = 5 photos per subject. Meshes are blacklisted by our modality filter.
113,REQUEST,sfedu-yufu-caries-smartphone-2026,,YuFU/SFedU smartphone caries detection prototype dataset,https://sfedu.ru/press-center/news/80063,email/DUA contact,unknown (not publicly released yet),Russia,2026,"Denis Krivoguz team at Southern Federal University (Rostov-on-Don). Built YOLOv8 caries detector on smartphone camera intraoral photos. Internal research sample: 1781 patients, 5000+ affected teeth. T"
114,REQUEST,sechenov-minzdrav-sjogren-salivary-2024,,Sechenov University first Minzdrav AI-platform dataset: Sjogren syndrome salivary gland pathology,https://www.sechenov.ru/pressroom/news/vklad-v-delo-tsifrovizatsii-sechenovskiy-universitet-sozdal-i-vylozhil-na-platformu-minzdrava-dlya-o/,email/DUA contact,open after patent,Russia,2024,"OUT-OF-SCOPE (histology, not intraoral photo) but logged as negative anchor + institutional lead. Institute of Clinical Morphology & Digital Pathology, Sechenov. Three more datasets being prepared by "
115,REQUEST,aikosh-india-oral-cancer,,Oral Cancer Imaging and Clinical Dataset AIKosh India,https://aikosh.indiaai.gov.in/home/datasets/details/oral_cancer_imaging_and_clinical_dataset.html,email/DUA contact,Indian government open-data terms TBD,India,2024,IndiaAI AIKosh platform; requires account/request; confirm image count and modality split
116,REQUEST,github-dlcariesscreen-ucla,,"DLCariesScreen (UCLA, Liangyuan D. et al.)",https://github.com/liangyuandg/DLCariesScreen,email/DUA contact,request-based,USA/China (UCLA + Nanjing Medical),2020,Dataset NOT public due to privacy/commercial concerns; request via liangyuandg@ucla.edu or Prof. Leiying Miao. Logged with requires_request=true for access pipeline tracking.
117,REQUEST,jmir-e91239-colorado-fluorosis-2026,,"Mobile Imaging ML for Caries, Sealants, Fluorosis (Colorado protocol)",https://www.researchprotocols.org/2026/1/e91239,email/DUA contact,protocol_stage_not_released,USA_Colorado,2026,Protocol Jan 2026. ~300/1000 collected. Smartphone + intraoral camera. Not yet public.
118,REQUEST,frontiers-mih-central-china-1568,,"MIH cohort in endemic fluorosis region, central China (1568 schoolchildren)",https://www.frontiersin.org/journals/physiology/articles/10.3389/fphys.2023.1088703/full,email/DUA contact,CC_BY_article_only,China_central,2023,1568 with MIH+DF co-labels in endemic fluorosis area; photos not released; authors contactable.
119,REQUEST,heliyon-tooth-crack-deeplabv3plus-2024,,Semantic segmentation tooth cracks DeepLabv3+ dataset,https://www.cell.com/heliyon/fulltext/S2405-8440(24)01923-6,email/DUA contact,CC_BY_NC_ND,unknown,2024,Craze-line / enamel-crack niche; images on request.
120,REQUEST,tongue-lesions-bmc-623patients,,Tongue lesions 5-class (BMC Med Imaging 2024),https://bmcmedimaging.biomedcentral.com/articles/10.1186/s12880-024-01234-3,email/DUA contact,request_only,,2024,Geographic tongue explicit; on-request
121,REQUEST,sechenov-datamed-ai-platform-lead,,Sechenov DataMed.AI / Minzdrav AI platform — institutional lead (no intraoral photo yet),https://ai.sechenov.ru/datasets,email/DUA contact,platform-gated,Russia,2026,Platform hosts 26 datasets as of 2026-04; only dental = already-excluded Sjögren histology. Outreach lead.
122,REQUEST,github-tooth-segmentation44-yolov8,,tooth-segmentation44 - YOLOv8 improved dental lesion segmentation Chinese release,https://github.com/YOLOv8-YOLOv11-Segmentation-Studio/tooth-segmentation44,email/DUA contact,unspecified GitHub open,China,2024,Chinese-authored; distinct from sister repo rvg-v1301 which is X-ray film; tooth-segmentation44 appears intraoral photo segmentation; dataset access via QR/Baidu Netdisk per README; verify modality be
123,REQUEST,aihub-korea-71509-dental-intraoral-clinical,,AIHub Korea 치과 구내 임상사진 이미지 데이터 (Dental Intraoral Clinical Photo Image Dataset),https://aihub.or.kr/aihubdata/data/view.do?currMenu=115&topMenu=100&dataSetSn=71509,email/DUA contact,AIHub Korea DUA (approval required),South Korea (Seoul National University Dental Hospital),2022,Korean-government AI training dataset from SNU Dental Hospital. 6 clinical views per patient. Critical Asian-region source never probed in iter_1/iter_2.
124,REQUEST,ssrn-6281532-airc-labden-plaque-ortho,,AIRC-LABDEN: Multi-Modal Plaque in Fixed Ortho Appliance Patients,https://papers.ssrn.com/sol3/papers.cfm?abstract_id=6281532,email/DUA contact,unknown,Vietnam (AIRC Hanoi),2025,Ortho-perio crossover; contact Chi Nguyen Anh et al.
125,REQUEST,integrated-fluorosis-grading-bspc-2024,,Integrated fluorosis grading (seg+classify),https://www.sciencedirect.com/science/article/abs/pii/S1746809424005688,email/DUA contact,on_request,China,2024,U-Net tooth seg + CNN+Transformer classifier.
126,REQUEST,mdpi-mih-oct-photonics-799-2025,,OCT+photo MIH case-control dataset,https://www.mdpi.com/2304-6732/12/8/799,email/DUA contact,CC_BY,Europe_unspecified,2025,In-vivo OCT paired with clinical photos.
127,REQUEST,coi-skin-dde-pediatric-2025-06326,,DDE+dental anomalies in pediatric skin-disease cohort 71+41,https://pubmed.ncbi.nlm.nih.gov/40227455/,email/DUA contact,CC_BY,Europe_clinical,2025,"Genodermatoses cohort, rare-disease AI enrichment candidate."
128,REQUEST,cleft-mih-6432-coi-2025-06311,,"MIH/HSPM in orofacial-cleft cohort (6432 teeth, 290)",https://link.springer.com/article/10.1007/s00784-025-06311-7,email/DUA contact,on_request,referral_hospital,2025,6432 teeth from 290 cleft patients via 40-inch screen photo review.
129,REQUEST,opmdcare-atlas-photos-2026,,OPMDCARE Atlas of Photos,https://opmdcare.com/atlas-photos/,email/DUA contact,Unclear/copyrighted; bulk-export UNVERIFIED,Europe multi-country consortium,2024,Educational atlas; no DOI; author-contact (Bordeaux lead).
130,REQUEST,aihub-kr-restorative-probe-2026,,AI Hub Korea restorative-intraoral probe,https://www.aihub.or.kr/aihubdata/data/list.do,email/DUA contact,AI-Hub custom (non-commercial default),South Korea,2026,Catalogue confirmed; individual dataset IDs require Korean login. Needs KR-resident collaborator.
131,REQUEST,nyu-caredaway-sdf-school-ny-10620,,CariedAway Pragmatic Non-inferiority Trial of SDF (NYU Data Catalog #10620),https://datacatalog.med.nyu.edu/dataset/10620,email/DUA contact,Restricted (Data Request Form required),USA (NYC public schools),2023,"7418 children, 4100 completers. First US large-scale pediatric SDF cohort; photos uncertain — contact PI Ryan Richard Ruff."
132,REQUEST,sechenov-ai-205-adult-dental-photos-polygon,,Sechenov AI #205: Adult intraoral frontal+lateral photos with polygon tooth segmentation,https://ai.sechenov.ru/datasets/205,email/DUA contact,Russian state DB reg 2023624045; access by request,Russia,2023,300 adult patients per portal listing; distinct from iter-1/2 Sechenov entries (Sjogren/DataMed/platform-lead).
133,REQUEST,sechenov-ai-214-pediatric-dental-morbidity-moscow,,Sechenov AI #214: Pediatric dental morbidity dataset (Moscow/MO),https://ai.sechenov.ru/datasets/214,email/DUA contact,Russian state DB reg; request-only,Russia,2024,Photo modality NOT confirmed — may be structured clinical records. Verify via direct request.
134,REQUEST,plos-one-0310420-mexican-fluorosis-mih-573,,Inverse relationship dental fluorosis vs MIH in Mexican schoolchildren (endemic 1.39ppm F),https://journals.plos.org/plosone/article?id=10.1371/journal.pone.0310420,email/DUA contact,CC BY 4.0 article; photos on request,Mexico (endemic fluorosis community),2024,"573 children, dual-endemic fluorosis+MIH phenotype; outreach iter_5."
135,REQUEST,s41598-025-25960-y-vietnam-mih-1834-northern,,"Prevalence, clinical characteristics MIH Vietnamese Northern schoolchildren",https://www.nature.com/articles/s41598-025-25960-y,email/DUA contact,CC BY 4.0,"Vietnam (Thai Nguyen, Phu Tho, Bac Giang)",2025,"n=1834, MIH prev 12.7%; photos on request."
136,REQUEST,dongthap-vietnam-mih-2025-40589688,,MIH Children Dong Thap Vietnam cross-sectional,https://pubmed.ncbi.nlm.nih.gov/40589688/,email/DUA contact,publisher,Vietnam (Dong Thap Mekong Delta),2025,Southern Vietnam counterpart to Northern 1834 study; outreach iter_5.
137,REQUEST,abha-ksa-mih-520-kingkhalid-2026,,MIH Saudi children Abha hospital survey,https://pubmed.ncbi.nlm.nih.gov/41746461/,email/DUA contact,publisher,"Saudi Arabia (Abha, King Khalid Univ)",2026,n=520 Saudi children Feb-2026; outreach for photo-level release.
138,REQUEST,mdpi-jcm-14-8959-enamel-caries-dl-2025,,Automated Classification Enamel Caries incl hypoplasia distractors JCM 2025,https://www.mdpi.com/2077-0383/14/24/8959,email/DUA contact,CC BY 4.0,unspecified,2025,Hypoplasia+fluorosis as distractors; data-on-request.
139,REQUEST,preprints-2025-tooth-wear-portuguese-community,,Tooth Wear Portuguese Community retrospective,https://www.preprints.org/frontend/manuscript/11e1eb8379393f65e572e1329eef56ab/download_pub,email/DUA contact,CC BY (preprint),Portugal,2025,Attrition+NCCL 12.3%/9%.
140,REQUEST,oralgpt-mmoral-dfull-dpartial-arxiv-2510-13911,,OralGPT / MMOral: DFull + DPartial oral mucosal disease dataset (NeurIPS 2025),https://arxiv.org/abs/2510.13911,email/DUA contact,private_not_released,China (Xi'an Jiaotong),2025,"iter-3 resolution: CONFIRMED PRIVATE. Only DPublic+MMOral-OPG-Bench (panoramic, out-of-scope) on HF. Contact isjinghao@gmail.com"
141,REQUEST,arxiv-2511-21582-multimodal-oral-lesions-16class,,Data-Augmented Multimodal Feature Fusion for Multiclass Oral Cancer Lesions (16 classes),https://arxiv.org/abs/2511.21582,email/DUA contact,unspecified,,2025,Nov 2025; possibly reuses CLASEG-2072 given 16-class overlap; verify iter-5
142,UNCLEAR,khurshid-bmc-2025-panoramic-prosthesis-out-of-scope-note,2235,Khurshid 2025 multi-regional prosthesis — OUT-OF-SCOPE,https://bmcoralhealth.biomedcentral.com/articles/10.1186/s12903-025-07138-0,manual visit,,Pakistan/Thailand/USA,2025,"Rejected: panoramic radiograph, not intraoral photo. Logged to prevent re-investigation."
143,UNCLEAR,roboflow-oralleukoplakia-418,418,OralLeukoplakia - Roboflow Universe,https://universe.roboflow.com/search?q=OralLeukoplakia,Roboflow (browser or API),"CC BY 4.0 (Roboflow default, verify)",,,Cited in OralGPT DPublic contributing 418 OLK images.
144,UNCLEAR,roboflow-ulcers-sw4n4,,Ulcers (oral) - Roboflow Universe,https://universe.roboflow.com/ulcer-detection-sw4n4/ulcers,Roboflow (browser or API),"CC BY 4.0 (Roboflow default, verify)",,,Cited as the Roboflow Ulcer Dataset in Sci Reports 2025 aphthous CNN paper.
145,UNCLEAR,alphadent-v1.2-release-check-negative-2026,,AlphaDent v1.2 release probe — negative,https://github.com/ZFTurbo/AlphaDent,GitHub (clone or releases),Apache-2.0,,2026,Latest tag still v1.1 (2025-07-29). No v1.2 as of 2026-04-22.
146,UNCLEAR,hf-mendeley-roboflow-api-probe-2026,,Direct API probe: HF/Mendeley/Roboflow (negative),,manual visit,,,2026,HF /api/datasets?search=prosthesis/veneer/crown → no new photo datasets. Mendeley API DNS blocked. Roboflow 503. No new restorative intraoral beyond exclude_ids.
147,UNCLEAR,osf-tf5r8-data-share-ortho,,OSF 'data share ortho project' (tf5r8),https://osf.io/tf5r8/,manual visit,,,,Project exists but 503 in iter-2 AND iter-3. Needs api.osf.io/v2/nodes/tf5r8/ direct call.
148,UNCLEAR,iter4-perio-saturation-flag,,SATURATION FLAG: perio-photo discovery new_unique=3 < threshold=5,,manual visit,,,2026,"Recommend paused_agents += dental-search-perio for iter-5. Remaining value = outreach (Nanchang 3869, Roboflow slug resolution)."
149,UNCLEAR,iter4-surgical-zone-gap-structural,,ZONE GAP: surgical/acute oral photo datasets — structurally absent from open corpora,,manual visit,,,2026,15+ queries en+ru+zh+pt+es+tr yield: (a) DentalTraumaGuide Copenhagen/IADT paywalled; (b) Andreasen Color Atlas copyrighted Wiley; (c) MRONJ AI lit ALL panoramic/CBCT; (d) Odontogenic cellulitis/phleg
150,UNCLEAR,iter4-surgical-pmc-figure-harvest-plan,,PLAN: PMC CC-BY figure-harvest for surgical/acute photos,,manual visit,CC_BY_per_figure,,2026,Separate figure-harvest pipeline needed (not keyword search). Plausible ~50-200 photos per condition across CC-BY PMC case reports. Build as iter_5 separate agent dental-search-pmc-figures.
